{"cameraMode":{"drawMode":0,"name":"Shaded","section":"Shading Mode"},"sceneLighting":true,"audioPlay":false,"sceneViewState":{"showFog":true,"showMaterialUpdate":false,"showSkybox":true,"showFlares":true,"showImageEffects":true,"showParticleSystems":true},"in2DMode":false,"pivot":{"x":0.5300489068031311,"y":0.1826738715171814,"z":-3.2882609367370607},"rotation":{"x":0.01918952353298664,"y":0.005094957537949085,"z":0.00010923225636361167,"w":-0.9998268485069275},"size":3.4598569869995119,"orthographic":false}