{"cameraMode":{"drawMode":0,"name":"Shaded","section":"Shading Mode"},"sceneLighting":false,"audioPlay":false,"sceneViewState":{"showFog":true,"showMaterialUpdate":false,"showSkybox":false,"showFlares":true,"showImageEffects":true,"showParticleSystems":true},"in2DMode":false,"pivot":{"x":0.7820000052452087,"y":1.156999945640564,"z":0.0},"rotation":{"x":-0.007499467581510544,"y":0.9873661994934082,"z":-0.04922102764248848,"w":-0.1504369080066681},"size":2.671576738357544,"orthographic":false}